
{
	"allowSleep" : true,
	"autoClearForces" : true,
	"body" : 
	[
		
		{
			"angle" : 0,
			"angularVelocity" : 0,
			"awake" : true,
			"fixture" : 
			[
				
				{
					"density" : 1,
					"friction" : 0.2,
					"name" : "fixture0",
					"polygon" : 
					{
						"vertices" : 
						{
							"x" : 
							[
								0.5,
								-0.2994642853736877,
								-0.4045090079307556,
								-0.4045079946517944,
								0.1545089930295944
							],
							"y" : 
							[
								0.0,
								0.7907865047454834,
								0.2938930094242096,
								-0.2938930094242096,
								-0.4755280017852783
							]
						}
					}
				}
			],
			"linearVelocity" : 0,
			"massData-I" : 0.08665390312671661,
			"massData-center" : 
			{
				"x" : -0.04478671401739121,
				"y" : 0.06668182462453842
			},
			"massData-mass" : 0.6702777147293091,
			"name" : "body0",
			"position" : 0,
			"type" : 2
		}
	],
	"collisionbitplanes" : 
	{
		"names" : 
		[
			"bitplane1",
			"bitplane2",
			"bitplane3",
			"bitplane4",
			"bitplane5",
			"bitplane6",
			"bitplane7",
			"bitplane8",
			"bitplane9",
			"bitplane10",
			"bitplane11",
			"bitplane12",
			"bitplane13",
			"bitplane14",
			"bitplane15",
			"bitplane16",
			"bitplane17",
			"bitplane18",
			"bitplane19",
			"bitplane20",
			"bitplane21",
			"bitplane22",
			"bitplane23",
			"bitplane24",
			"bitplane25",
			"bitplane26",
			"bitplane27",
			"bitplane28",
			"bitplane29",
			"bitplane30",
			"bitplane31",
			"bitplane32"
		]
	},
	"continuousPhysics" : true,
	"gravity" : 
	{
		"x" : 0,
		"y" : -10
	},
	"image" : 
	[
		
		{
			"aspectScale" : 1,
			"body" : 0,
			"center" : 
			{
				"x" : -0.04296004772186279,
				"y" : 0.06659531593322754
			},
			"corners" : 
			{
				"x" : 
				[
					-0.5327559709548950,
					0.4468358755111694,
					0.4468358755111694,
					-0.5327559709548950
				],
				"y" : 
				[
					-0.4334046840667725,
					-0.4334046840667725,
					0.5665953159332275,
					0.5665953159332275
				]
			},
			"file" : "../../rube-win32-1.7.4/sampleScenes/images/bikerearwheel.png",
			"filter" : 1,
			"glDrawElements" : [ 0, 1, 2, 2, 3, 0 ],
			"glTexCoordPointer" : [ 0.0, 0.0, 1, 0.0, 1, 1, 0.0, 1 ],
			"glVertexPointer" : 
			[
				-0.5327559709548950,
				-0.4334046840667725,
				0.4468358755111694,
				-0.4334046840667725,
				0.4468358755111694,
				0.5665953159332275,
				-0.5327559709548950,
				0.5665953159332275
			],
			"name" : "image0",
			"opacity" : 0.5,
			"renderOrder" : 1,
			"scale" : 1
		}
	],
	"positionIterations" : 3,
	"stepsPerSecond" : 60.0,
	"subStepping" : false,
	"velocityIterations" : 8,
	"warmStarting" : true
}
