
{
	"allowSleep" : true,
	"autoClearForces" : true,
	"body" : 
	[
		
		{
			"angle" : 0,
			"angularVelocity" : 0,
			"awake" : true,
			"fixture" : 
			[
				
				{
					"circle" : 
					{
						"center" : 0,
						"radius" : 0.50
					},
					"density" : 1,
					"friction" : 0.2000000029802322,
					"name" : "fixture0"
				}
			],
			"linearVelocity" : 0,
			"name" : "body3yaps",
			"position" : 
			{
				"x" : 2.876451492309570,
				"y" : 0.1832039952278137
			},
			"type" : 0
		}
	],
	"collisionbitplanes" : 
	{
		"names" : 
		[
			"bitplane1",
			"bitplane2",
			"bitplane3",
			"bitplane4",
			"bitplane5",
			"bitplane6",
			"bitplane7",
			"bitplane8",
			"bitplane9",
			"bitplane10",
			"bitplane11",
			"bitplane12",
			"bitplane13",
			"bitplane14",
			"bitplane15",
			"bitplane16",
			"bitplane17",
			"bitplane18",
			"bitplane19",
			"bitplane20",
			"bitplane21",
			"bitplane22",
			"bitplane23",
			"bitplane24",
			"bitplane25",
			"bitplane26",
			"bitplane27",
			"bitplane28",
			"bitplane29",
			"bitplane30",
			"bitplane31",
			"bitplane32"
		]
	},
	"continuousPhysics" : true,
	"gravity" : 
	{
		"x" : 0,
		"y" : -10.0
	},
	"image" : 
	[
		
		{
			"aspectScale" : 0.2199999988079071,
			"body" : 0,
			"center" : 
			{
				"x" : 0.03099999949336052,
				"y" : 0.03099999949336052
			},
			"corners" : 
			{
				"x" : 
				[
					-0.7300624847412109,
					0.7920624613761902,
					0.7920624613761902,
					-0.7300624847412109
				],
				"y" : 
				[
					-1.319000005722046,
					-1.319000005722046,
					1.381000041961670,
					1.381000041961670
				]
			},
			"file" : "images/bikeswingarm.png",
			"filter" : 1,
			"glDrawElements" : [ 0, 1, 2, 2, 3, 0 ],
			"glTexCoordPointer" : [ 0.0, 0.0, 1.0, 0.0, 1.0, 1.0, 0.0, 1.0 ],
			"glVertexPointer" : 
			[
				-0.7300624847412109,
				-1.319000005722046,
				0.7920624613761902,
				-1.319000005722046,
				0.7920624613761902,
				1.381000041961670,
				-0.7300624847412109,
				1.381000041961670
			],
			"name" : "image3",
			"opacity" : 0.50,
			"scale" : 2.700000047683716
		}
	],
	"positionIterations" : 3,
	"stepsPerSecond" : 60.0,
	"subStepping" : false,
	"velocityIterations" : 8,
	"warmStarting" : true
}
